ti_name,ti_number,model
"АО ""AЭС Усть-Каменогорская ТЭЦ""",725,AO_AES_Ust_Kamenogorskaa_TEZ
"ТОО ""AЭС Согринская ТЭЦ""",726,TOO_AES_Sogrinskaa_TEZ
"АО ""Риддер ТЭЦ""",727,AO_Ridder_TEZ
"Бухтарминский  ГЭК ТОО ""Казцинк""",722,Buhtarminskij_GEK_TOO_Kazzink
"ТОО ""AЭС Усть-Каменогорская ГЭС""",723,TOO_AES_Ust_Kamenogorskaa_GES
"ТОО ""Компания ЛК ГЭС """,1384,TOO_Kompania_LK_GES
"СЭС Нетто-потреб. ТОО ""ШыгысЭнергоТрейд"" ",822,SES_Netto_potreb_TOO_SygysEnergoTrejd
"Семипалатинская ТЭЦ-1 ГКП ""Теплокоммунэнерго""",1383,Semipalatinskaa_TEZ_1_GKP_Teplokommunenergo
"ТОО ""AЭС Шульбинская ГЭС""",728,TOO_AES_Sul_binskaa_GES
"Карагандинская ГРЭС-1 ТОО ""Bassel Group LLS""",255,Karagandinskaa_GRES_1_TOO_Bassel_Group_LLS
"Карагандинская ГРЭС ТОО ""ТОПАР"" ",256,Karagandinskaa_GRES_TOO_TOPAR
"Балхашская ТЭЦ ТОО ""Казахмыс Энерджи""",261,Balhasskaa_TEZ_TOO_Kazahmys_Enerdji
"ТЭЦ-1 ТОО ""Караганда-Энергоцентр""",257,TEZ_1_TOO_Karaganda_Energozentr
"ТЭЦ-2 АО ""Арселор Миттал Темиртау""",258,TEZ_2_AO_Arselor_Mittal_Temirtau
"ТЭЦ-3 ТОО ""Караганда-Энергоцентр""",259,TEZ_3_TOO_Karaganda_Energozentr
"ТЭЦ ТОО ""Шахтинсктеплоэнерго""",263,TEZ_TOO_Sahtinskteploenergo
"ТЭЦ-ПВС АО ""Арселор Миттал Темиртау""",262,TEZ_PVS_AO_Arselor_Mittal_Temirtau
"СЭС ""Сарань"" ТОО""SES Saran""",3519,SES_Saran_TOOSES_Saran
"СЭС ""Гульшат"" ТОО ""КПМ ""Дельта""",1933,SES_Gul_sat_TOO_KPM_Del_ta
"СЭС Агадырь -1 ТОО ""КазСолар-50""",3391,SES_Agadyr_1_TOO_KazSolar_50
"Жезказганская ТЭЦ ТОО""Казахмыс Энерджи""",260,Jezkazganskaa_TEZ_TOOKazahmys_Enerdji
"ГТЭС Кумколь АО""ПККР""",356,GTES_Kumkol_AOPKKR
"ГТЭС Акшабулак ТОО ""Кристалл менеджмент""",439,GTES_Aksabulak_TOO_Kristall_menedjment
"СЭС Кенгир ТОО ""KAZ GREEN ENERGY""",3948,SES_Kengir_TOO_KAZ_GREEN_ENERGY
"ТЭЦ АО ""ССГПО""",492,TEZ_AO_SSGPO
"Костанайская ТЭЦ ГКП ""КТЭК""",491,Kostanajskaa_TEZ_GKP_KTEK
"Аркалыкская ТЭЦ ГКП ""АТЭК""",490,Arkalykskaa_TEZ_GKP_ATEK
"ВЭС ""Ыбырай""ТОО ""Жел Электрик"" ",3947,VES_YbyrajTOO_Jel_Elektrik
"ТОО ""Экибастузская ГРЭС-1""",1912,TOO_Ekibastuzskaa_GRES_1
"АО ""Станция Экибастузская ГРЭС-2""",29,AO_Stanzia_Ekibastuzskaa_GRES_2
"Экиб.ТЭЦ ТОО ""Экибастузтеплоэнерго""",660,Ekib_TEZ_TOO_Ekibastuzteploenergo
"ТЭЦ АО ""Алюминий Казахстана""",1086,TEZ_AO_Aluminij_Kazahstana
"ТЭЦ-2 АО ""Павлодарэнерго""",1087,TEZ_2_AO_Pavlodarenergo
"ТЭЦ-3 АО ""Павлодарэнерго""",1088,TEZ_3_AO_Pavlodarenergo
"ЭС АО ""ЕЭК""",86,ES_AO_EEK
"ППТЭЦ-2 АО ""СЕВКАЗЭНЕРГО"" ",144,PPTEZ_2_AO_SEVKAZENERGO
" ТЭЦ-1 АО ""Астана-Энергия""",166,TEZ_1_AO_Astana_Energia
" ТЭЦ-2 АО ""Астана-Энергия""",148,TEZ_2_AO_Astana_Energia
"СЭС Нура ТОО ""KB ENTERPRISES""",26,SES_Nura_TOO_KB_ENTERPRISES
"ТОО ""Степногорская ТЭЦ """,146,TOO_Stepnogorskaa_TEZ
"АО ""Атырауская ТЭЦ""",1251,AO_Atyrauskaa_TEZ
"ТЭЦ ТОО ""АНПЗ""",1271,TEZ_TOO_ANPZ
"ТГТЭС-1 (ГТЭС-144) ТОО ""Тенгизшевройл""",1252,TGTES_1_GTES_144_TOO_Tengizsevrojl
"ЭС ""Кашаган"" AGIP KCO NCOC",1407,ES_Kasagan_AGIP_KCO_NCOC
"ВЭС Тайман-2 ТОО ""ВетроЭнергоТехнологии"" ",761,VES_Tajman_2_TOO_VetroEnergoTehnologii
"ГТЭС ""Каламкас"" АО ""Мангыстауэнергомунай""",1970,GTES_Kalamkas_AO_Mangystauenergomunaj
"ГПЭС АО ""КазАзот""",612,GPES_AO_KazAzot
"Алматинская ТЭЦ-1 АО ""АлЭС"" ",850,Almatinskaa_TEZ_1_AO_AlES
"Алматинская ТЭЦ-2 АО ""АлЭС"" ",851,Almatinskaa_TEZ_2_AO_AlES
"Алматинская ТЭЦ-3 АО ""АлЭС"" ",848,Almatinskaa_TEZ_3_AO_AlES
"Капшагайская ГЭС АО ""АлЭС"" ",849,Kapsagajskaa_GES_AO_AlES
"Каскад ГЭС АО ""АлЭС"" ",852,Kaskad_GES_AO_AlES
"АО ""Мойнакская ГЭС""",1924,AO_Mojnakskaa_GES
"СЭС Шу  ТОО ""M-Kat Green""",3389,SES_Su_TOO_M_Kat_Green
СЭС Каскелен ТОО «MISTRAL ENERGY» ,4006,SES_Kaskelen_TOO_MISTRAL_ENERGY
"СЭС Капчагай ТОО""ТехноБазальт""",4005,SES_Kapcagaj_TOOTehnoBazal_t
"Текелийская ТЭЦ-2 ТОО ""Текелийский энергокомплекс""",1445,Tekelijskaa_TEZ_2_TOO_Tekelijskij_energokompleks
Талдыкорганские ГЭС**,1616,Taldykorganskie_GES
"АО ""Актобе ТЭЦ""",1200,AO_Aktobe_TEZ
"ПСУ-37 ЭС АЗФ ТНК ""Казхром"" ",1229,PSU_37_ES_AZF_TNK_Kazhrom
"ГПЭС Башенколь ТОО ""АМК-Мунай""",928,GPES_Basenkol_TOO_AMK_Munaj
"Уральская ТЭЦ АО ""Жайыктеплоэнерго""",1201,Ural_skaa_TEZ_AO_Jajykteploenergo
"ПГУ Уральской ТЭЦ АО ""Жайыктеплоэнерго"" ",1171,PGU_Ural_skoj_TEZ_AO_Jajykteploenergo
"ТОО ""Уральская ГТЭС""",886,TOO_Ural_skaa_GTES
"ГТЭС-200 ТОО""Батыс Пауэр""",600,GTES_200_TOOBatys_Pauer
"ГТЭС-26 ТОО""Жаикмунай""",3388,GTES_26_TOOJaikmunaj
"АО ""Жамбылская ГРЭС""",949,AO_Jambylskaa_GRES
" Жамбыльская ТЭЦ-4 АО ""Таразэнергоцентр""",957,Jambyl_skaa_TEZ_4_AO_Tarazenergozentr
ВЭС Жанатас ТОО Жанатасская ,2228,VES_Janatas_TOO_Janatasskaa
"ТЭЦ-6 ГКП ""Кызылордатеплоэлектроцентр"" ",855,TEZ_6_GKP_Kyzylordateploelektrozentr
"ТЭС ТОО ""СКЗ-U""",992,TES_TOO_SKZ_U
"СЭС ТОО ""Байкен-U""",3943,SES_TOO_Bajken_U
"Шымкентская ТЭС-3 АО ""З-Энергоорталык"" ",961,Symkentskaa_TES_3_AO_Z_Energoortalyk
"ТЭЦ-5 ГКП ""Кентау сервис"" ",3276,TEZ_5_GKP_Kentau_servis
